{"a":0.088632915205124521,"b":0.37503781480705245,"c":4,"amp":45,"pw_low":14,"pw_high":23,"name":"2_Pronator Teres"}