{"a":0.016780553054816044,"b":0.41679437937725949,"c":4.5,"amp":45,"pw_low":16,"pw_high":26,"name":"3_Brachioradialis"}