Time (s),Pos 1 (rad),Pos 2 (rad),Pos 3 (rad),Pos 4 (rad),Pos 5 (rad)
0,-1.309,0,0,0,0.11
3,-1.309,0,0,0,0.11
4,-0.698132,0,0,0,0.11
4.5,-0.392699,-0.19635,0,0,0.11
5,-0.0872665,-0.392699,0.174533,0,0.11
5.5,-0.0872665,-0.589049,0.349066,0,0.11
6,-0.0872665,-0.785398,0.349066,0,0.11
8,-0.0872665,-0.785398,0.349066,0,0.11
9,-0.0872665,0,0,0,0.11
10,-0.0872665,0,0,0,0.11
12,-1.309,0,0,0,0.11
