Time (s),Pos 1 (rad),Pos 2 (rad),Pos 3 (rad),Pos 4 (rad),Pos 5 (rad)
0,-0.349066,-0.261799,0,0,0.11
1,-0.785398,-0.0436332,0.261799,0,0.11
2,-1.22173,0.174533,0.261799,0,0.11
3,-0.959931,0.174533,0.261799,0,0.11
4,-0.698132,0.174533,0.1309,0,0.11
5,-0.523599,0.174533,0,0,0.11
6,-0.349066,-0.261799,0,0,0.11
