Time (s),Pos 1 (rad),Pos 2 (rad),Pos 3 (rad),Pos 4 (rad),Pos 5 (rad)
0,-0.349066,0,0,0,0.11
2,-0.872665,0,0,0,0.11
4,-0.872665,0,0,0,0.11
6,-0.349066,0,0,0,0.11
