Time (s),Pos 1 (rad),Pos 2 (rad),Pos 3 (rad),Pos 4 (rad),Pos 5 (rad)
0,-1.309,0,0,0,0.11
2,-1.309,0,0,0,0.11
4,-0.0872665,0,0,0,0.11
4.5,-0.0872665,0.1309,0,0,0.11
5.5,-0.0872665,0.392699,0.349066,0,0.11
6,-0.0872665,0.523599,0.349066,0,0.11
8,-0.0872665,0.523599,0.349066,0,0.11
9,-0.0872665,0,0,0,0.11
10,-0.0872665,0,0,0,0.11
12,-1.309,0,0,0,0.11
