Time (s),Pos 1 (rad),Pos 2 (rad),Pos 3 (rad),Pos 4 (rad),Pos 5 (rad)
0,-0.349066,-0.0872665,0.174533,0,0.1
1,-0.523599,0.0436332,0,0,0.1
2,-0.698132,0.174533,0,0,0.1
3,-0.698132,0.174533,0,0,0.1
4,-0.698132,0.174533,0.0872665,0,0.1
5,-0.523599,0.174533,0.174533,0,0.1
6,-0.349066,-0.0872665,0.174533,0,0.1
