Time (s),Pos 1 (rad),Pos 2 (rad),Pos 3 (rad),Pos 4 (rad),Pos 5 (rad)
0,-0.349066,-0.261799,0,0,0.11
1,-0.407243,-0.0436332,0.261799,0,0.11
2,-0.465421,0.174533,0.261799,0,0.11
3,-0.523599,0.174533,0.261799,0,0.11
5,-0.407243,0.174533,0,0,0.11
6,-0.349066,-0.261799,0,0,0.11
