Time (s),Pos 1 (rad),Pos 2 (rad),Pos 3 (rad),Pos 4 (rad),Pos 5 (rad)
0,-0.0872665,0,0,0,0.11
4.5,-1.48353,0,0,0,0.11
10,-1.48353,0,0,0,0.11
12,-0.0872665,0,0,0,0.11
