Time (s),Pos 1 (rad),Pos 2 (rad),Pos 3 (rad),Pos 4 (rad),Pos 5 (rad)
0,-1.48353,0,0,0,0.11
2,-0.0872665,0,0,0,0.11
6,-0.0872665,0,0,0,0.11
8,-1.48353,0,0,0,0.11
