{"a":0.0886916824346291,"b":0.30377992757943711,"c":5.5,"amp":55,"pw_low":13,"pw_high":25,"name":"Bicep"}