{"a":0.24992248391946253,"b":0.655851124912307,"c":4,"amp":60,"pw_low":19,"pw_high":28,"name":"Tricep"}