{"a":0.20946926017921,"b":0.33041383083886894,"c":5.5,"amp":40,"pw_low":24,"pw_high":36,"name":"Pronator Teres"}