{"a":0.018050587459215329,"b":0.27910302364733536,"c":3,"amp":30,"pw_low":16,"pw_high":23,"name":"Brachioradialis"}