{"a":0.052163852231490254,"b":0.3167575045371418,"c":4,"amp":40,"pw_low":17,"pw_high":26,"name":"Flexor Carpi Radialis"}