{"a":0.26596683249207231,"b":0.71680901537906216,"c":4.5,"amp":40,"pw_low":23,"pw_high":33,"name":"Palmaris Longus"}