{"a":0.28024241715839843,"b":0.49233471614461666,"c":5.5,"amp":30,"pw_low":18,"pw_high":30,"name":"Flexor Carpi Ulnaris"}