{"a":0.12050010735434759,"b":0.389616584999023,"c":4.5,"amp":30,"pw_low":28,"pw_high":38,"name":"Extensor Carpi Radialis Longus"}