{"a":0.44552772812989394,"b":0.29778205198058993,"c":4.5,"amp":55,"pw_low":15,"pw_high":25,"name":"Bicep"}