{"a":0.1980085599176262,"b":0.824102466508206,"c":3,"amp":60,"pw_low":18,"pw_high":25,"name":"Tricep"}