{"a":0.060242717708863851,"b":0.78427562056154287,"c":2.5,"amp":40,"pw_low":13,"pw_high":19,"name":"Flexor Carpi Radialis"}