{"a":0.017051624676039705,"b":0.4622685315439295,"c":4,"amp":40,"pw_low":18,"pw_high":27,"name":"Palmaris Longus"}