{"a":0.27110560725014005,"b":0.79434046856284435,"c":4.5,"amp":30,"pw_low":15,"pw_high":24,"name":"Flexor Carpi Ulnaris"}