{"a":0.16092252517006267,"b":0.65379936442958764,"c":3.5,"amp":40,"pw_low":14,"pw_high":22,"name":"Extensor Carpi Radialis Longus"}