{"a":0.176117695282144,"b":0.21560795615145079,"c":5,"amp":65,"pw_low":15,"pw_high":26,"name":"0_Bicep"}