{"a":0.6755967986712974,"b":0.3092569940206642,"c":4.5,"amp":65,"pw_low":16,"pw_high":26,"name":"1_Tricep"}