{"a":0.21015570323986579,"b":0.52511061356696453,"c":2.5,"amp":45,"pw_low":12,"pw_high":18,"name":"4_Flexor Carpi Radialis"}