{"a":0.15584478938079341,"b":0.77434480724036281,"c":3.5,"amp":45,"pw_low":15,"pw_high":23,"name":"5_Palmaris Longus"}