{"a":0.62579099447508035,"b":0.24354871956540383,"c":7.9162938306880566,"amp":65,"pw_low":16,"pw_high":31,"name":"0_Bicep"}