{"a":0.49636658477654516,"b":0.33518713745072715,"c":7,"amp":65,"pw_low":16,"pw_high":31,"name":"0_Bicep"}