{"a":0.29180908069326739,"b":0.38566634071637246,"c":6.2445203357211376,"amp":65,"pw_low":20,"pw_high":29,"name":"1_Tricep"}