{"a":0.20071590705620521,"b":0.48551005536962727,"c":4,"amp":65,"pw_low":20,"pw_high":29,"name":"1_Tricep"}