{"a":0.013521602972928936,"b":0.51456956881123361,"c":3.5,"amp":45,"pw_low":12,"pw_high":20,"name":"2_Pronator Teres"}