{"a":0.0104473211813265,"b":3.1675933992645766,"c":0.31482403313809887,"amp":45,"pw_low":12,"pw_high":20,"name":"2_Pronator Teres"}