{"a":0.020362304159020555,"b":0.72665266207970614,"c":8.25783124750004E-13,"amp":25,"pw_low":21,"pw_high":33,"name":"3_Brachioradialis"}