{"a":0.033915966642298553,"b":0.158682817904296,"c":5.5,"amp":25,"pw_low":21,"pw_high":33,"name":"3_Brachioradialis"}