{"a":0.063473444439436047,"b":0.42997967349276045,"c":3.5,"amp":45,"pw_low":12,"pw_high":20,"name":"4_Flexor Carpi Radialis"}