{"a":0.075668989948748336,"b":0.4768694448363911,"c":3.19773225475496E-9,"amp":45,"pw_low":12,"pw_high":20,"name":"4_Flexor Carpi Radialis"}