{"a":0.0168077640780343,"b":0.25703006666872125,"c":5.5,"amp":25,"pw_low":18,"pw_high":30,"name":"5_Palmaris Longus"}