{"a":0.014857826806076439,"b":0.93704576489712255,"c":2.4340546709233642E-14,"amp":25,"pw_low":18,"pw_high":30,"name":"5_Palmaris Longus"}