{"a":0.012543945064288728,"b":0.27215401954423918,"c":6.5,"amp":25,"pw_low":21,"pw_high":35,"name":"6_Flexor Carpi Ulnaris"}