{"a":0.013002474308686562,"b":2.0320415448195988,"c":1.5988878066175328E-11,"amp":25,"pw_low":21,"pw_high":35,"name":"6_Flexor Carpi Ulnaris"}