{"a":0.0084985183748338064,"b":2.5698716910879944,"c":2.2108961833766563E-5,"amp":40,"pw_low":22,"pw_high":30,"name":"7_Extensor Carpi Radialis Longus"}