{"a":0.013652463665561018,"b":0.26462858684740431,"c":3.5,"amp":40,"pw_low":22,"pw_high":30,"name":"7_Extensor Carpi Radialis Longus"}