{"a":0.26748998464246604,"b":0.32591905287801687,"c":7,"amp":65,"pw_low":18,"pw_high":33,"name":"0_Bicep"}