{"a":0.35966439293178354,"b":0.50331364262199341,"c":4,"amp":65,"pw_low":21,"pw_high":30,"name":"1_Tricep"}