{"a":0.12923866225015856,"b":0.5506139460785896,"c":5,"amp":45,"pw_low":14,"pw_high":25,"name":"2_Pronator Teres"}