{"a":0.010768766326846166,"b":0.2922996599259321,"c":5,"amp":45,"pw_low":11,"pw_high":22,"name":"3_Brachioradialis"}