{"a":0.061515877918966948,"b":0.66318762019602562,"c":3.5,"amp":45,"pw_low":15,"pw_high":23,"name":"4_Flexor Carpi Radialis"}