{"a":0.019322360119113022,"b":0.19297047674251361,"c":5,"amp":25,"pw_low":24,"pw_high":35,"name":"5_Palmaris Longus"}