{"a":0.004327012644143844,"b":0.82503878735333691,"c":2.5,"amp":45,"pw_low":14,"pw_high":20,"name":"6_Flexor Carpi Ulnaris"}