{"a":0.18976225592957138,"b":0.81941638926015126,"c":3.5,"amp":40,"pw_low":22,"pw_high":30,"name":"7_Extensor Carpi Radialis Longus"}