{"a":0.33324225456785045,"b":0.272368884427801,"c":6.435760849277477E-7,"amp":65,"pw_low":20,"pw_high":35,"name":"0_Bicep"}