{"a":0.043447773580765105,"b":0.31188371328488124,"c":5.6508155030397735E-8,"amp":65,"pw_low":21,"pw_high":29,"name":"1_Tricep"}