{"a":0.011135853673307383,"b":1.53418777149404,"c":3.7202225613994151E-14,"amp":25,"pw_low":21,"pw_high":29,"name":"2_Pronator Teres"}