{"a":0.0035677266639405607,"b":5.3837390457584009,"c":0.45516278494508416,"amp":25,"pw_low":18,"pw_high":28,"name":"3_Brachioradialis"}