{"a":0.00646696313400539,"b":2.3799193777130894,"c":0.0012911315671570375,"amp":25,"pw_low":19,"pw_high":35,"name":"4_Flexor Carpi Radialis"}