{"a":0.1030468933511922,"b":0.097761517217224952,"c":0.0078385246385442517,"amp":25,"pw_low":18,"pw_high":30,"name":"5_Palmaris Longus"}