{"a":0.011277274417337483,"b":2.1033731123814978,"c":3.1401794916121798E-9,"amp":25,"pw_low":15,"pw_high":25,"name":"6_Flexor Carpi Ulnaris"}