{"a":0.02599906491518154,"b":0.76331647583916962,"c":1.1440004191139303E-11,"amp":40,"pw_low":22,"pw_high":31,"name":"7_Extensor Carpi Radialis Longus"}