{"a":0.11047887997785712,"b":0.4087300123525,"c":4,"amp":55,"pw_low":26,"pw_high":35,"name":"Bicep"}