{"a":0.040501185957579,"b":0.29746009814408331,"c":4,"amp":60,"pw_low":25,"pw_high":34,"name":"Tricep"}