{"a":0.022540501675381523,"b":0.90034134406008737,"c":2.5,"amp":40,"pw_low":34,"pw_high":40,"name":"Flexor Carpi Radialis"}