{"a":0.34500100685707352,"b":0.30635364945514393,"c":5.5,"amp":30,"pw_low":18,"pw_high":30,"name":"Palmaris Longus"}