{"a":0.22875819080079668,"b":0.61127952611615211,"c":5,"amp":40,"pw_low":17,"pw_high":28,"name":"Flexor Carpi Ulnaris"}