{"a":0.0987516884793292,"b":0.78620058201404475,"c":3.5,"amp":40,"pw_low":22,"pw_high":30,"name":"Extensor Carpi Radialis Longus"}