{"a":0.096621620621787141,"b":0.17469707193496822,"c":9,"amp":55,"pw_low":17,"pw_high":36,"name":"Bicep"}