{"a":0.16481948117936066,"b":0.25711384704451812,"c":7,"amp":60,"pw_low":11,"pw_high":26,"name":"Tricep"}