{"a":0.04056068112787356,"b":0.32251603667162171,"c":6.5,"amp":40,"pw_low":20,"pw_high":34,"name":"Pronator Teres"}