{"a":0.040114505603296491,"b":0.27230228331540773,"c":6,"amp":30,"pw_low":17,"pw_high":30,"name":"Brachioradialis"}