{"a":0.1595957490946435,"b":0.604112893607836,"c":4.5,"amp":40,"pw_low":16,"pw_high":26,"name":"Flexor Carpi Radialis"}