{"a":0.11558668462108683,"b":0.27844434523645206,"c":8.5,"amp":40,"pw_low":16,"pw_high":34,"name":"Palmaris Longus"}