{"a":0.10415417145021053,"b":0.47685946484982178,"c":3,"amp":30,"pw_low":15,"pw_high":22,"name":"Flexor Carpi Ulnaris"}