{"a":0.36975430355760425,"b":0.22947713839711364,"c":6.5,"amp":60,"pw_low":20,"pw_high":34,"name":"0_Bicep"}