{"a":0.13268082878565263,"b":0.44244446158335154,"c":4,"amp":65,"pw_low":24,"pw_high":33,"name":"1_Tricep"}