{"a":0.697037962059334,"b":0.72107902416745229,"c":4,"amp":45,"pw_low":17,"pw_high":26,"name":"2_Pronator Teres"}