{"a":0.69703796205929236,"b":0.72107902441454563,"c":4,"amp":45,"pw_low":17,"pw_high":26,"name":"2_Pronator Teres"}