{"a":0.21454080365372916,"b":0.19398838127475762,"c":4.5,"amp":45,"pw_low":15,"pw_high":25,"name":"3_Brachioradialis"}