{"a":0.30782191255225072,"b":0.65803829575466255,"c":3,"amp":45,"pw_low":16,"pw_high":23,"name":"4_Flexor Carpi Radialis"}