{"a":0.3078219137879718,"b":0.65803829125393365,"c":3,"amp":45,"pw_low":16,"pw_high":23,"name":"4_Flexor Carpi Radialis"}