{"a":0.20120194521504456,"b":0.84099398878507636,"c":3,"amp":45,"pw_low":16,"pw_high":23,"name":"5_Palmaris Longus"}