{"a":0.14214554890309528,"b":0.3199579521528132,"c":5.5,"amp":45,"pw_low":14,"pw_high":26,"name":"7_Extensor Carpi Radialis Longus"}