{"a":0.14214554890316966,"b":0.31995795206684291,"c":5.5,"amp":45,"pw_low":14,"pw_high":26,"name":"7_Extensor Carpi Radialis Longus"}